reference_year,beneficiary_year_rows,unique_beneficiaries,newly_observed_beneficiaries,deaths_reported,average_age,full_part_a_beneficiaries,full_part_b_beneficiaries,beneficiaries_with_hmo,beneficiaries_with_part_d,dual_eligible_beneficiaries
2015,5975,5975,5975,0,56.5,5975,5975,0,4334,0
2016,6288,6288,313,0,57.2,6288,6288,0,4554,0
2017,6613,6613,325,0,57.9,6613,6613,0,4795,0
2018,7002,7002,389,0,58.6,7002,7002,0,5093,0
2019,7446,7446,444,0,59.1,7446,7446,0,5388,0
2020,7837,7837,391,0,59.8,7837,7837,0,5645,0
2021,8246,8246,409,0,60.4,8246,8246,0,5911,0
2022,8671,8671,425,0,61.0,8671,8671,0,6190,0
2023,9179,9179,508,0,61.6,9179,9179,0,6616,0
2024,9660,9660,481,0,62.2,9660,9660,0,6950,0
2025,10000,10000,340,0,63.2,0,0,0,7013,0
