column_name,rows,non_blank_rows,blank_rows,blank_pct
beneficiary_id,86917,86917,0,0.0
state_code,86917,86917,0,0.0
county_code,86917,86917,0,0.0
zip_code,86917,86917,0,0.0
birth_date,86917,86917,0,0.0
sex_code,86917,86917,0,0.0
race_code,86917,86917,0,0.0
original_entitlement_reason_code,86917,86917,0,0.0
current_entitlement_reason_code,86917,86917,0,0.0
esrd_indicator,86917,86917,0,0.0
death_date,86917,0,86917,100.0
reference_year,86917,86917,0,0.0
part_a_coverage_months,86917,86917,0,0.0
part_b_coverage_months,86917,86917,0,0.0
state_buyin_months,86917,86917,0,0.0
hmo_coverage_months,86917,86917,0,0.0
retiree_drug_subsidy_months,86917,86917,0,0.0
enrollment_source,86917,86917,0,0.0
sample_group,86917,0,86917,100.0
enhanced_five_percent_flag,86917,0,86917,100.0
current_bic_code,86917,86917,0,0.0
age_at_year_end,86917,86917,0,0.0
coverage_start_date,86917,86917,0,0.0
dual_eligible_months,86917,86917,0,0.0
valid_death_date_flag,86917,0,86917,100.0
rti_race_code,86917,86917,0,0.0
part_d_coverage_months,86917,86917,0,0.0
source_file,86917,86917,0,0.0
