service_year,top_group,selected_patients,payment_share_percent,average_claims_per_selected_patient
2016,Top 1%,13,16.15028413033913,3.1538461538461537
2016,Top 10%,123,57.67102921882032,3.4065040650406506
2017,Top 1%,13,15.590480714045253,3.769230769230769
2017,Top 10%,127,55.607280735722256,4.031496062992126
2018,Top 1%,14,21.152824639188182,3.5714285714285716
2018,Top 10%,138,58.79646067429448,4.3478260869565215
2019,Top 1%,15,23.479921033647358,2.466666666666667
2019,Top 10%,142,61.68083966704058,4.23943661971831
2020,Top 1%,16,28.62016859947011,5.0625
2020,Top 10%,153,61.36035395072476,3.712418300653595
2021,Top 1%,17,38.39560261089087,6.0
2021,Top 10%,162,69.2478250117345,4.808641975308642
2022,Top 1%,17,42.516677716451476,8.235294117647058
2022,Top 10%,169,78.23266714319152,5.254437869822485
