drg_group,claim_count,beneficiary_count,total_payment,mean_payment,median_payment,mean_date_span_days,payment_share_percent,reference_description,reference_version,source_url
951,7083,1940,30560721.03,4314.657776365947,1215.28,0.6247352816603134,24.228952169009023,Other factors influencing health status,MS-DRG v37.0,https://www.cms.gov/icd10m/version37-fullcode-cms/fullcode_cms/P0026.html
181,70,18,6431729.69,91881.85271428572,78491.87,6.457142857142857,5.099162119572715,Respiratory neoplasms with CC,MS-DRG v37.0,https://www.cms.gov/icd10m/version37-fullcode-cms/fullcode_cms/P0007.html
180,57,17,6154073.14,107966.19543859648,92952.28,7.385964912280702,4.879032258671915,Respiratory neoplasms with MCC,MS-DRG v37.0,https://www.cms.gov/icd10m/version37-fullcode-cms/fullcode_cms/P0007.html
182,70,17,5632669.7,80466.71,74626.22,5.757142857142857,4.465656573061764,Respiratory neoplasms without CC/MCC,MS-DRG v37.0,https://www.cms.gov/icd10m/version37-fullcode-cms/fullcode_cms/P0007.html
303,97,94,3740622.3,38563.11649484536,24694.71,0.8350515463917526,2.9656158537640533,,,
314,52,35,3291618.7800000003,63300.361153846156,3786.965,1.2307692307692308,2.609639802049914,,,
302,84,82,3082487.91,36696.28464285714,20820.345,0.8214285714285714,2.4438380252751055,,,
964,381,370,2620877.53,6878.943648293963,7018.34,0.17060367454068243,2.077867084774096,,,
791,123,109,2545371.2199999997,20694.074959349593,8961.25,1.3739837398373984,2.0180046629532074,,,
963,394,387,2498833.9899999998,6342.218248730964,1095.245,0.1751269035532995,1.9811093188073243,,,
965,387,379,2467005.6,6374.691472868218,1148.03,0.1731266149870801,1.9558753415667498,,,
793,128,120,2304918.94,18007.17921875,9206.69,2.0,1.827370849525502,,,
316,58,40,2249511.39,38784.67913793104,2747.5699999999997,1.5172413793103448,1.7834429959439673,,,
950,579,458,2157952.01,3727.0328324697753,899.71,0.1848013816925734,1.7108534835281297,,,
191,20,20,2118730.41,105936.52050000001,50682.775,9.55,1.6797580695992786,,,
949,574,460,1919937.73,3344.83925087108,790.46,0.16376306620209058,1.5221525494107677,,,
315,49,34,1722322.49,35149.438571428575,2968.81,1.5510204081632653,1.3654805195484132,,,
880,97,62,1612464.32,16623.34350515464,1029.26,1.0103092783505154,1.2783834794068554,,,
190,16,16,1530845.93,95677.870625,49801.83,10.8125,1.2136753180555484,,,
223,74,65,1452955.53,19634.53418918919,16650.21,1.0945945945945945,1.151922757500043,,,
192,14,14,1351088.67,96506.33357142856,36193.22,8.642857142857142,1.0711613358004601,,,
374,46,46,1325247.96,28809.738260869566,26304.54,5.608695652173913,1.0506744720910395,,,
604,103,102,1209953.35,11747.119902912622,11445.39,0.02912621359223301,0.9592673489314671,,,
375,41,41,1175946.03,28681.61048780488,27920.76,5.804878048780488,0.9323058865737125,,,
222,74,67,1160494.65,15682.360135135134,13690.9,0.9054054054054054,0.9200558239329233,,,
281,66,62,1112954.24,16862.94303030303,15860.855,0.6818181818181818,0.8823651451412038,,,
283,58,57,1094955.66,18878.545862068964,16925.17,0.603448275862069,0.8680956279559908,,,
605,101,101,1094903.89,10840.632574257424,10139.85,0.0594059405940594,0.8680545840011522,,,
284,58,53,1086473.88,18732.308275862066,17524.39,0.5862068965517241,0.8613711582772052,,,
282,57,52,987909.45,17331.744736842105,15313.25,0.6140350877192983,0.7832279476608281,,,
564,109,109,977527.47,8968.141926605504,8711.28,0.06422018348623854,0.7749969737714137,,,
561,94,93,955926.06,10169.426170212766,10459.585,0.02127659574468085,0.7578710843279227,,,
376,33,33,955085.33,28941.979696969694,28343.78,5.181818181818182,0.7572045422349839,,,
280,61,59,954478.39,15647.186721311477,14820.03,0.6721311475409836,0.7567233520099556,,,
285,55,53,934467.35,16990.315454545453,15042.92,0.5636363636363636,0.740858329370726,,,
562,225,224,930392.64,4135.0784,165.0,0.14222222222222222,0.7376278442785822,,,
565,107,107,915381.3200000001,8554.965607476635,9103.68,0.037383177570093455,0.7257266671461234,,,
974,15,15,888833.14,59255.54266666667,25384.27,7.333333333333333,0.7046789116706289,,,
563,209,205,869013.76,4157.960574162679,166.97,0.10526315789473684,0.6889658396666005,,,
560,107,104,854508.65,7986.0621495327105,7631.54,0.08411214953271028,0.6774659926554251,,,
566,100,98,844832.64,8448.3264,9052.52,0.05,0.6697947213118361,,,
Missing,2435,762,801437.08,329.1322710472279,119.83,3.3745379876796715,0.635390135551074,,,
559,95,94,768802.3,8092.655789473684,8692.19,0.021052631578947368,0.6095168414331135,,,
597,26,26,765759.72,29452.296923076923,32917.93,2.5384615384615383,0.6071046429375996,,,
598,22,22,742638.4,33756.29090909091,33743.32,2.727272727272727,0.5887737483289802,,,
599,22,22,584357.78,26561.717272727274,28148.07,2.9545454545454546,0.4632867361771241,,,
203,258,228,576448.69,2234.297248062015,165.0,0.5813953488372093,0.45701630286102934,,,
204,24,24,564368.03,23515.334583333333,26523.74,9.791666666666666,0.4474385925372864,,,
013,54,45,538527.82,9972.737407407407,9032.29,1.1111111111111112,0.4269521252346153,,,
012,47,37,504417.98,10732.29744680851,10521.58,0.7872340425531915,0.39990938363695244,,,
864,19,19,467934.07,24628.108947368422,25223.04,10.68421052631579,0.37098444729593216,,,
202,258,222,453103.17,1756.2138372093023,127.235,0.5155038759689923,0.3592263095749467,,,
795,29,16,449235.91,15490.893448275861,15921.67,0.10344827586206896,0.3561602936431517,,,
011,36,29,435782.15,12105.059722222222,10819.615000000002,1.1666666666666667,0.34549397110405533,,,
794,28,26,425975.4,15213.407142857144,20711.45,6.678571428571429,0.33771904732361896,,,
922,274,157,425537.51,1553.056605839416,975.93,0.072992700729927,0.33737188222058123,,,
583,21,19,421366.57,20065.07476190476,7488.05,2.0952380952380953,0.3340651046854372,,,
582,18,17,397248.13,22069.340555555555,23522.67,2.1666666666666665,0.3149436798807845,,,
153,108,99,374305.68,3465.793333333333,1365.6950000000002,0.4444444444444444,0.296754595822715,,,
205,19,18,330816.08,17411.37263157895,20263.1,4.052631578947368,0.26227545388051543,,,
923,246,145,327055.06,1329.4921138211382,951.535,0.08536585365853659,0.25929366645484464,,,
159,26,23,323550.77,12444.260384615385,12377.665,0.07692307692307693,0.25651541803874905,,,
100,26,25,323348.91000000003,12436.496538461539,11679.385,0.15384615384615385,0.2563553807058591,,,
158,24,16,316466.39,13186.099583333335,14251.314999999999,0.125,0.2508988259433405,,,
206,19,17,295132.89999999997,15533.310526315787,21587.28,6.315789473684211,0.23398534709247737,,,
887,257,257,293112.28,1140.5147081712064,1095.57,1.0,0.23238337228030972,,,
194,5,5,289429.23000000004,57885.846000000005,27973.12,9.6,0.229463400523149,,,
101,23,22,270292.79,11751.860434782608,11318.77,0.08695652173913043,0.2142917725700662,,,
975,14,14,242690.36,17335.02571428571,21229.665,7.0,0.19240819346334578,,,
184,15,15,241720.28,16114.685333333333,16169.93,0.06666666666666667,0.19163910094432313,,,
157,18,11,238870.64,13270.591111111113,14380.91,0.05555555555555555,0.18937986788528902,,,
394,29,23,238865.8,8236.75172413793,2066.83,1.6206896551724137,0.18937603066795428,,,
152,96,83,238272.11000000002,2482.0011458333333,1095.275,0.3333333333333333,0.18890534522178637,,,
684,54,44,238110.54,4409.454444444445,1119.65,0.24074074074074073,0.18877725034476747,,,
558,18,16,219806.38,12211.465555555556,16680.815,2.1666666666666665,0.17426546521055764,,,
976,12,12,207791.15,17315.929166666665,19833.665,7.333333333333333,0.16473962867404832,,,
557,15,11,181545.83,12103.055333333332,14317.04,2.4,0.14393198469483373,,,
008,55,44,177186.14,3221.566181818182,1021.86,0.2545454545454545,0.14047556361177047,,,
185,10,10,169168.96000000002,16916.896,17440.405,0.0,0.1341194350845786,,,
552,34,34,152348.85,4480.8485294117645,127.295,0.029411764705882353,0.12078422482342624,,,
183,8,8,146851.43,18356.42875,17919.52,0.0,0.116425796038248,,,
913,38,38,142787.21000000002,3757.558157894737,121.11,1.0263157894736843,0.11320362755970771,,,
395,22,19,141434.55,6428.843181818182,194.05,1.2272727272727273,0.11213122045227199,,,
914,50,49,139155.19,2783.1038,127.235,0.68,0.11032411307539634,,,
193,5,5,131095.21,26219.041999999998,24990.97,11.0,0.1039340521304511,,,
195,4,4,119676.20999999999,29919.052499999998,29967.809999999998,12.5,0.09488091478639694,,,
019,62,45,113342.65000000001,1828.1072580645164,947.8399999999999,0.08064516129032258,0.08985958292224007,,,
393,20,19,112615.19,5630.7595,1194.71,0.8,0.08928284281432293,,,
444,8,8,106180.06,13272.5075,13457.435000000001,0.875,0.08418098488308173,,,
554,14,13,103786.8,7413.342857142858,1947.9450000000002,0.35714285714285715,0.08228357604868022,,,
551,39,39,92909.35,2382.291025641026,119.83,0.02564102564102564,0.07365978685496082,,,
683,49,38,89336.19,1823.1875510204081,1101.32,0.12244897959183673,0.07082693737319529,,,
682,61,49,85240.57,1397.386393442623,1185.75,0.08196721311475409,0.0675798745507892,,,
642,28,20,84826.41,3029.514642857143,1014.9300000000001,0.03571428571428571,0.06725152291208061,,,
446,6,6,79583.41,13263.901666666667,12012.505000000001,0.8333333333333334,0.06309480173729508,,,
307,37,37,79331.12,2144.0843243243244,2128.3,1.0,0.06289478281965505,,,
311,6,6,78469.94,13078.323333333334,16866.135,0.6666666666666666,0.06221202769066368,,,
607,25,23,75601.06,3024.0424,2864.03,0.08,0.05993754089991054,,,
179,3,3,75341.37,25113.789999999997,28040.58,12.0,0.05973165516237858,,,
537,4,4,72801.25,18200.3125,17546.775,1.5,0.05771781373752712,,,
543,29,28,61879.21,2133.7658620689654,1162.9,0.0,0.04905867298989132,,,
292,6,4,60615.44,10102.573333333334,9298.974999999999,1.5,0.048056739074373744,,,
606,20,20,60469.95,3023.4975,2636.24,0.25,0.04794139263841731,,,
293,6,6,60172.62,10028.77,10051.435,6.166666666666667,0.047705665400786385,,,
306,28,28,57686.42,2060.2292857142857,1971.8,0.9642857142857143,0.04573457247979615,,,
177,2,2,53310.369999999995,26655.184999999998,26655.184999999998,11.0,0.04226518096789071,,,
445,2,2,49885.0,24942.5,24942.5,3.0,0.03954950139312911,,,
536,4,4,45652.04,11413.01,11226.92,0.0,0.03619355356478272,,,
884,43,22,45464.84,1057.3218604651163,1004.16,0.06976744186046512,0.03604513887778675,,,
866,36,36,43103.38,1197.316111111111,1145.97,0.027777777777777776,0.034172941512650566,,,
641,4,4,42121.36,10530.34,6141.56,2.25,0.03339438280045089,,,
894,28,22,41911.92,1496.8542857142857,933.545,0.10714285714285714,0.03322833594123917,,,
542,30,30,39865.87,1328.8623333333335,1338.635,0.0,0.03160619988179421,,,
865,31,28,38388.51,1238.3390322580647,1364.14,0.0,0.03043492893104442,,,
553,7,7,37066.119999999995,5295.159999999999,1856.67,0.0,0.02938652028822072,,,
556,87,59,35013.130000000005,402.44977011494257,121.11,0.011494252873563218,0.027758882103093335,,,
291,4,4,34933.13,8733.2825,7800.58,1.5,0.02769545702318052,,,
895,18,18,32707.91,1817.1061111111112,811.36,0.0,0.025931272569135844,,,
698,4,4,25954.41,6488.6025,885.895,0.0,0.02057700660424665,,,
640,5,5,25704.53,5140.906,5241.97,0.6,0.020378898367139,,,
178,1,1,25115.79,25115.79,25115.79,11.0,0.01991213734779068,,,
057,24,16,24080.7,1003.3625000000001,911.95,0.041666666666666664,0.019091504023203854,,,
544,20,20,22417.69,1120.8845,1148.03,0.05,0.01777304724638141,,,
056,26,17,22321.98,858.5376923076923,864.08,0.038461538461538464,0.017697167066400725,,,
522,3,3,22077.800000000003,7359.266666666667,9346.76,0.3333333333333333,0.017503577866236863,,,
897,23,20,20496.42,891.1486956521738,883.25,0.21739130434782608,0.016249838455330446,,,
896,21,17,19599.36,933.3028571428572,928.44,0.0,0.015538637177998174,,,
948,155,103,19146.91,123.52845161290323,100.18,0.11612903225806452,0.01517992871041631,,,
538,3,3,18065.559999999998,6021.853333333333,785.44,0.3333333333333333,0.0143226198333699,,,
770,2,2,16781.379999999997,8390.689999999999,8390.689999999999,1.0,0.013304504594339558,,,
304,7,6,14652.91,2093.272857142857,1267.45,0.14285714285714285,0.011617024846314432,,,
812,1,1,14278.03,14278.03,14278.03,1.0,0.011319814921843023,,,
521,2,2,14206.44,7103.22,7103.22,0.0,0.011263057403456053,,,
555,79,57,13144.01,166.3798734177215,119.83,0.05063291139240506,0.01042074855780902,,,
947,128,95,13013.97,101.671640625,100.18,0.078125,0.010317651090410752,,,
102,71,37,9116.039999999999,128.39492957746478,119.83,0.08450704225352113,0.007227319568604203,,,
673,7,7,8453.880000000001,1207.697142857143,1073.32,0.0,0.006702350182165909,,,
103,60,33,7470.7,124.51166666666667,116.08,0.08333333333333333,0.0059228718063075,,,
010,5,5,7273.96,1454.792,1469.2,0.0,0.0057668936785319315,,,
819,1,1,5631.8,5631.8,5631.8,1.0,0.0044649670631617625,,,
675,6,6,5493.14,915.5233333333334,877.9000000000001,0.0,0.004355035543402891,,,
090,40,40,5018.4,125.46,119.725,0.075,0.003978655262930322,,,
305,4,4,4532.05,1133.0125,1157.51,0.0,0.0035930704177354073,,,
093,26,26,4370.87,168.11038461538462,121.445,0.07692307692307693,0.003465284737981081,,,
156,2,1,4211.1,2105.55,2105.55,0.0,0.003338616925260219,,,
700,3,3,4098.28,1366.0933333333332,1401.38,0.3333333333333333,0.0032491717063131836,,,
674,4,4,3957.2,989.3,975.86,0.0,0.0031373215778869503,,,
088,27,27,3199.89,118.51444444444444,115.63,0.037037037037037035,0.0025369159870273607,,,
089,24,24,3133.4,130.55833333333334,117.85,0.041666666666666664,0.0024842018174848304,,,
092,23,23,2933.43,127.54043478260868,119.83,0.0,0.0023256629021077826,,,
699,2,2,2801.3199999999997,1400.6599999999999,1400.6599999999999,0.5,0.002220924310766772,,,
872,2,2,2432.9300000000003,1216.4650000000001,1216.4650000000001,2.0,0.0019288597459032899,,,
871,2,2,2389.92,1194.96,1194.96,5.5,0.0018947608373151674,,,
868,2,2,2284.7200000000003,1142.3600000000001,1142.3600000000001,0.0,0.0018113568572298276,,,
091,15,15,2067.29,137.81933333333333,131.53,0.0,0.0016389754181618098,,,
309,1,1,1938.91,1938.91,1938.91,0.0,0.0015371940211717343,,,
688,1,1,1295.7,1295.7,1295.7,0.0,0.0010272484505377847,,,
535,1,1,1148.03,1148.03,1148.03,0.0,0.0009101736811537338,,,
308,1,1,1140.09,1140.09,1140.09,0.0,0.0009038787419723878,,,
687,1,1,1127.26,1127.26,1127.26,0.0,0.0008937069447813715,,,
822,1,1,1100.1,1100.1,1100.1,1.0,0.0008721741301509738,,,
639,1,1,1020.85,1020.85,1020.85,0.0,0.0008093436603623504,,,
125,1,1,1007.33,1007.33,1007.33,0.0,0.0007986248218570863,,,
870,1,1,962.18,962.18,962.18,9.0,0.0007628292923812963,,,
918,1,1,409.58,409.58,409.58,0.0,0.00032472055288358865,,,
656,1,1,406.83,406.83,406.83,0.0,0.00032254031576158594,,,
814,1,1,119.83,119.83,119.83,0.0,9.500284157439433e-05,,,
