service_year,earliest_claim_start,latest_claim_start,months_with_claims,claim_count
2015,2015-02-25 00:00:00,2015-12-31 00:00:00,11,1632
2016,2016-01-01 00:00:00,2016-12-31 00:00:00,12,2042
2017,2017-01-01 00:00:00,2017-12-31 00:00:00,12,2241
2018,2018-01-01 00:00:00,2018-12-31 00:00:00,12,2460
2019,2019-01-01 00:00:00,2019-12-31 00:00:00,12,2596
2020,2020-01-01 00:00:00,2020-12-31 00:00:00,12,2780
2021,2021-01-01 00:00:00,2021-12-31 00:00:00,12,3049
2022,2022-01-01 00:00:00,2022-12-31 00:00:00,12,3463
2023,2023-01-01 00:00:00,2023-03-02 00:00:00,3,604
