BENE_ID,claim_count,annual_payment,mean_claim_payment,median_claim_payment,max_claim_payment,largest_claim_share_percent
-10000010271384,11,1031007.84,93727.98545454546,91911.4,246764.71,23.9343194519258
-10000010265392,10,982238.99,98223.899,74135.075,275770.14,28.075666187920316
-10000010259295,10,977723.61,97772.361,93699.3,153161.49,15.665111124809597
-10000010258483,9,961260.3,106806.70000000001,87006.14,282127.66,29.349767175446644
-10000010264641,9,930515.93,103390.6588888889,74025.44,212333.83,22.818935512474244
-10000010258819,9,924824.49,102758.27666666667,85939.39,235621.9,25.477471947136692
-10000010260059,10,897625.27,89762.527,89254.78,134359.8,14.968362020378503
-10000010280747,10,874837.18,87483.71800000001,77290.29500000001,170313.92,19.468070618580704
-10000010280870,9,852330.06,94703.34000000001,59996.03,240907.47,28.26457511072647
-10000010259769,9,755347.1900000001,83927.46555555557,93682.98,129455.78,17.13857967751227
-10000010277912,8,678861.05,84857.63125,84770.22,118607.35,17.471520865720606
-10000010277596,7,623910.75,89130.10714285714,97272.78,133356.49,21.374289511761095
-10000010257922,6,605656.15,100942.69166666667,100078.535,206693.95,34.127276673406186
-10000010275180,3,603315.54,201105.18000000002,2763.87,598716.31,99.23767420278948
-10000010273157,4,563663.27,140915.8175,2282.65,557821.86,98.96367027782385
-10000010256316,8,562643.23,70330.40375,66772.775,153576.45,27.295529708941853
-10000010272016,8,558076.59,69759.57375,78076.2,101153.6,18.125397447687245
