service_year,top_group,selected_claims,payment_share_percent
2016,Top 1%,21,19.178248013994132
2016,Top 10%,205,60.332033149822905
2017,Top 1%,23,18.47379774351209
2017,Top 10%,225,60.43061290947267
2018,Top 1%,25,24.460923540353278
2018,Top 10%,246,63.18338701571309
2019,Top 1%,26,27.525558596307775
2019,Top 10%,260,66.61353632748501
2020,Top 1%,28,23.752540977340146
2020,Top 10%,278,65.42110799232202
2021,Top 1%,31,24.69880284240756
2021,Top 10%,305,70.48882758339822
2022,Top 1%,35,23.56099645564325
2022,Top 10%,347,75.92574429354282
