service_year,claim_count,beneficiary_count,total_claim_payment,average_claim_payment,average_date_span_days,average_utilization_days,los_mismatch_claims
2015,1632,1003,8885930.88,5444.81,0.98,0.91,110
2016,2042,1227,10172720.41,4981.74,0.91,0.82,170
2017,2241,1270,10419522.27,4649.5,0.9,0.82,173
2018,2460,1378,13735673.98,5583.61,0.89,0.83,152
2019,2596,1419,13973961.86,5382.88,0.96,0.88,194
2020,2780,1529,21941065.4,7892.47,1.38,1.31,202
2021,3049,1617,24411096.07,8006.26,1.18,1.1,226
2022,3463,1684,31479029.31,9090.1,1.11,1.03,286
2023,604,418,6027613.9,9979.49,1.0,0.9,59
