diagnosis_group,claims_2019,claims_2020,payment_2019,payment_2020,payment_change
Z951,67.0,97.0,903946.02,1629521.33,725575.31
Z95818,34.0,44.0,866537.64,1216584.1300000001,350046.4900000001
Z3400,41.0,60.0,216847.02,421746.43,204899.41
Z608,227.0,239.0,281633.81,420539.85,138906.03999999998
Z7682,50.0,80.0,265197.11,339694.9,74497.79000000004
Z733,381.0,391.0,631929.42,683488.56,51559.140000000014
Z89439,1.0,1.0,18454.38,17042.11,-1412.2700000000004
Z604,140.0,120.0,170821.29,159916.49,-10904.800000000017
Z98890,3.0,0.0,12302.2,0.0,-12302.2
Z899,2.0,1.0,66448.69,39607.48,-26841.21
Z653,18.0,11.0,52723.04,10841.9,-41881.14
Z3480,50.0,33.0,272438.44,202388.24,-70050.20000000001
