diagnosis_group,claim_count,total_payment,mean_payment,median_payment,claim_share_percent,payment_share_percent
Z3400,329,1870063.12,5684.082431610943,4957.91,4.644924467033743,6.119172116928291
Z3480,304,1703914.75,5604.9827302631575,4840.345,4.291966680784978,5.575505722942036
Z604,801,1126611.19,1406.5058551810237,983.71,11.30876747141042,3.6864679628928245
Z608,1725,3530166.2399999998,2046.4731826086954,982.01,24.35408725116476,11.551318558664256
Z653,59,96076.4,1628.4135593220337,1072.0,0.8329803755470846,0.3143787082303666
Z733,2685,6452558.91,2403.1876759776537,1001.63,37.90766624311732,21.11389617956275
Z7682,413,1840701.81,4456.905108958838,3425.7,5.830862628829592,6.023096798642516
Z89439,6,141455.98,23575.99666666667,21615.015,0.08470986869970351,0.46286859482516607
Z899,4,138377.32,34594.33,35177.880000000005,0.05647324579980235,0.4527946832935048
Z951,499,8019557.73,16071.257975951905,2572.26,7.045037413525343,26.241389141727332
Z95818,249,5608101.27,22522.495060240963,7298.08,3.515459551037696,18.3506837567569
Z98890,9,33136.31,3681.812222222222,1814.59,0.12706480304955528,0.10842777553406435
